Họ và tên,Email,Tên đăng nhập,Mật khẩu,Giới tính
Trương Nguyễn Hồng Trân,truongnguyenhongtran@gmail.com,Trương Pinky,1234,Nữ
Trân,tranchau@gmail.com,trân,1234,Nữ
trân,trân@gmail.com,trân,trân,Nữ
Họ và tên: Trân Trương
Email: truongnguyenhongtran@gmail.com
Tên đăng nhập: Trương Pinky
Mật khẩu: tranchau123
Giới tính: Nữ
------------------------------
Họ và tên: Trương Pinky
Email: tranchau@gmail.com
Tên đăng nhập: Trân Hồng
Mật khẩu: 2468
Giới tính: Nữ
------------------------------
Hoàng Châu,trantnhk25411@st.uel.edu.vn,Hoàng Châu cô đơn,123456,Nữ
Nguyễn Thị Diệu Hương,huongntdk25411@st.uel.edu.vn,huong,123456,Nữ
